#acceleration,force,along,the,x,y,z,axes,(including,gravity).
"#timestamp(ns),x,y,z(m/s^2)","1.0342951,","9.892841,",-0.7374141,-,stairs,down,-,(including,gravity).
#datetime:,28/05/2013,11:32:23,-0.7374141,-,stairs,down,-,(including,gravity).
##########################################,"1.0342951,","9.892841,",-0.7374141,-,stairs,down,-,(including,gravity).
#activity:,6,-,stn,-,stairs,down,-,10s,gravity).
#subject,id:,5,-0.7374141,-,stairs,down,-,(including,gravity).
#first,name:,sub5,-0.7374141,-,stairs,down,-,(including,gravity).
#last,name:,sub5,-0.7374141,-,stairs,down,-,(including,gravity).
#age:,36,"9.892841,",-0.7374141,-,stairs,down,-,(including,gravity).
#height(cm):,160,"9.892841,",-0.7374141,-,stairs,down,-,(including,gravity).
#weight(kg):,50,"9.892841,",-0.7374141,-,stairs,down,-,(including,gravity).
#gender:,female,"9.892841,",-0.7374141,-,stairs,down,-,(including,gravity).
@data,"1.0342951,","9.892841,",-0.7374141,-,stairs,down,-,(including,gravity).
"1594912384000,","0.20111294,","9.854534,",0.02873042,-,stairs,down,-,(including,gravity).
"1595113305000,","0.21068975,","9.911995,",-0.1340753,-,stairs,down,-,(including,gravity).
"1595315351000,","0.19153613,","9.892841,",0.08619126,-,stairs,down,-,(including,gravity).
"1595326914000,","0.25857377,","9.959879,",-0.076614454,-,stairs,down,-,(including,gravity).
"1595337379000,","0.20111294,","9.911995,",-0.047884032,-,stairs,down,-,(including,gravity).
"1595347422000,","0.22026655,","9.940725,",-0.095768064,-,stairs,down,-,(including,gravity).
"1595356926000,","0.18195933,","9.940725,",-0.17238252,-,stairs,down,-,(including,gravity).
"1595366935000,","0.19153613,","9.931149,",-0.22984336,-,stairs,down,-,(including,gravity).
"1595377149000,","0.16280572,","9.931149,",-0.23942018,-,stairs,down,-,(including,gravity).
"1595387255000,","0.16280572,","9.911995,",-0.23942018,-,stairs,down,-,(including,gravity).
"1595397525000,","0.12449849,","9.931149,",-0.22026655,-,stairs,down,-,(including,gravity).
"1595407734000,","0.08619126,","9.921572,",-0.18195933,-,stairs,down,-,(including,gravity).
"1595418942000,","0.12449849,","9.902418,",-0.1340753,-,stairs,down,-,(including,gravity).
"1595428363000,","0.1436521,","9.940725,",0.019153614,-,stairs,down,-,(including,gravity).
"1595438470000,","0.19153613,","9.9790325,",0.05746084,-,stairs,down,-,(including,gravity).
"1595448730000,","0.18195933,","9.988609,",0.16280572,-,stairs,down,-,(including,gravity).
"1595459618000,","0.20111294,","9.959879,",0.24899697,-,stairs,down,-,(including,gravity).
"1595469771000,","0.23942018,","9.902418,",0.29688102,-,stairs,down,-,(including,gravity).
"1595481457000,","0.21068975,","9.854534,",0.2873042,-,stairs,down,-,(including,gravity).
"1595492322000,","0.17238252,","9.825804,",0.23942018,-,stairs,down,-,(including,gravity).
"1595502332000,","0.12449849,","9.825804,",0.24899697,-,stairs,down,-,(including,gravity).
"1595511847000,","0.076614454,","9.854534,",0.24899697,-,stairs,down,-,(including,gravity).
"1595521845000,","0.038307227,","9.873688,",0.23942018,-,stairs,down,-,(including,gravity).
"1595531955000,","-0.02873042,","9.892841,",0.22984336,-,stairs,down,-,(including,gravity).
"1595542306000,","-0.009576807,","9.844957,",0.22984336,-,stairs,down,-,(including,gravity).
"1595553756000,","-0.02873042,","9.864111,",0.2681506,-,stairs,down,-,(including,gravity).
"1595564273000,","-0.009576807,","9.892841,",0.19153613,-,stairs,down,-,(including,gravity).
"1595576514000,","-0.038307227,","9.892841,",0.08619126,-,stairs,down,-,(including,gravity).
"1595586963000,","-0.08619126,","9.883265,",0.1340753,-,stairs,down,-,(including,gravity).
"1595597383000,","-0.10534488,","9.844957,",0.1436521,-,stairs,down,-,(including,gravity).
"1595607824000,","-0.11492168,","9.80665,",0.19153613,-,stairs,down,-,(including,gravity).
"1595617153000,","-0.1436521,","9.768343,",0.2681506,-,stairs,down,-,(including,gravity).
"1595627735000,","-0.1340753,","9.787497,",0.29688102,-,stairs,down,-,(including,gravity).
"1595638660000,","-0.17238252,","9.787497,",0.31603462,-,stairs,down,-,(including,gravity).
"1595650311000,","-0.20111294,","9.816227,",0.29688102,-,stairs,down,-,(including,gravity).
"1595660738000,","-0.17238252,","9.864111,",0.31603462,-,stairs,down,-,(including,gravity).
"1595672761000,","-0.1340753,","9.921572,",0.36391866,-,stairs,down,-,(including,gravity).
"1595682282000,","-0.038307227,","9.931149,",0.39264908,-,stairs,down,-,(including,gravity).
"1595692987000,","0.02873042,","9.911995,",0.36391866,-,stairs,down,-,(including,gravity).
"1595703694000,","0.095768064,","9.873688,",0.35434186,-,stairs,down,-,(including,gravity).
"1595714786000,","0.19153613,","9.825804,",0.25857377,-,stairs,down,-,(including,gravity).
"1595726788000,","0.22984336,","9.988609,",0.18195933,-,stairs,down,-,(including,gravity).
"1595741481000,","0.35434186,","9.998186,",0.1340753,-,stairs,down,-,(including,gravity).
"1595752092000,","0.45968673,","9.959879,",0.12449849,-,stairs,down,-,(including,gravity).
"1595762574000,","0.58418524,","9.940725,",0.15322891,-,stairs,down,-,(including,gravity).
"1595772105000,","0.51714754,","10.04607,",0.11492168,-,stairs,down,-,(including,gravity).
"1595782221000,","0.49799395,","9.969456,",0.10534488,-,stairs,down,-,(including,gravity).
"1595796079000,","0.31603462,","9.911995,",0.19153613,-,stairs,down,-,(including,gravity).
"1595809534000,","0.29688102,","9.902418,",0.24899697,-,stairs,down,-,(including,gravity).
"1595821748000,","0.34476504,","9.911995,",0.29688102,-,stairs,down,-,(including,gravity).
"1595832381000,","0.545878,","9.998186,",0.18195933,-,stairs,down,-,(including,gravity).
"1595842478000,","0.641646,","9.940725,",0.095768064,-,stairs,down,-,(including,gravity).
"1595854373000,","0.7757214,","9.892841,",-0.019153614,-,stairs,down,-,(including,gravity).
"1595866905000,","0.91937345,","9.892841,",-0.047884032,-,stairs,down,-,(including,gravity).
"1595878358000,","1.0055647,","9.883265,",-0.08619126,-,stairs,down,-,(including,gravity).
"1595891851000,","1.0342951,","9.892841,",-0.1340753,-,stairs,down,-,(including,gravity).
"1595903096000,","1.0342951,","9.864111,",-0.12449849,-,stairs,down,-,(including,gravity).
"1595912400000,","1.091756,","9.854534,",-0.1340753,-,stairs,down,-,(including,gravity).
"1595923587000,","1.1013328,","9.864111,",-0.095768064,-,stairs,down,-,(including,gravity).
"1595937712000,","1.091756,","9.835381,",-0.12449849,-,stairs,down,-,(including,gravity).
"1595948155000,","1.1013328,","9.825804,",-0.12449849,-,stairs,down,-,(including,gravity).
"1595958135000,","1.0821792,","9.787497,",-0.12449849,-,stairs,down,-,(including,gravity).
"1595969230000,","1.0055647,","9.77792,",-0.1340753,-,stairs,down,-,(including,gravity).
"1595981737000,","0.91937345,","9.730036,",-0.11492168,-,stairs,down,-,(including,gravity).
"1595993457000,","0.89064306,","9.730036,",-0.10534488,-,stairs,down,-,(including,gravity).
"1596003722000,","0.8523358,","9.77792,",-0.10534488,-,stairs,down,-,(including,gravity).
"1596013477000,","0.90021986,","9.787497,",-0.05746084,-,stairs,down,-,(including,gravity).
"1596029434000,","0.842759,","9.988609,",0.17238252,-,stairs,down,-,(including,gravity).
"1596040954000,","0.8714894,","9.969456,",0.34476504,-,stairs,down,-,(including,gravity).
"1596052191000,","0.7278373,","10.170568,",0.33518824,-,stairs,down,-,(including,gravity).
"1596061923000,","0.6512229,","10.362105,",0.45968673,-,stairs,down,-,(including,gravity).
"1596071475000,","0.60333884,","10.429143,",0.5267244,-,stairs,down,-,(including,gravity).
"1596081396000,","0.62249243,","10.457873,",0.5746084,-,stairs,down,-,(including,gravity).
"1596091527000,","0.641646,","10.400413,",0.545878,-,stairs,down,-,(including,gravity).
"1596102393000,","0.6703765,","10.295067,",0.5363012,-,stairs,down,-,(including,gravity).
"1596111785000,","0.7182605,","10.208876,",0.5650316,-,stairs,down,-,(including,gravity).
"1596122059000,","0.80445176,","10.103531,",0.63206923,-,stairs,down,-,(including,gravity).
"1596132258000,","0.7661445,","10.007763,",0.842759,-,stairs,down,-,(including,gravity).
"1596142044000,","0.7374141,","9.892841,",1.1587936,-,stairs,down,-,(including,gravity).
"1596152580000,","0.545878,","9.854534,",1.5801731,-,stairs,down,-,(including,gravity).
"1596163559000,","0.39264908,","9.892841,",1.7238252,-,stairs,down,-,(including,gravity).
"1596174045000,","0.33518824,","9.768343,",1.6089035,-,stairs,down,-,(including,gravity).
"1596186196000,","0.22984336,","9.615114,",1.4748282,-,stairs,down,-,(including,gravity).
"1596206674000,","-0.009576807,","10.036493,",1.541866,-,stairs,down,-,(including,gravity).
"1596216450000,","0.08619126,","10.1226845,",1.5897499,-,stairs,down,-,(including,gravity).
"1596226641000,","0.22026655,","10.199299,",1.5610195,-,stairs,down,-,(including,gravity).
"1596236952000,","0.45010993,","9.998186,",1.5897499,-,stairs,down,-,(including,gravity).
"1596247225000,","0.63206923,","9.864111,",1.5514427,-,stairs,down,-,(including,gravity).
"1596258247000,","0.7278373,","9.701305,",1.541866,-,stairs,down,-,(including,gravity).
"1596269083000,","0.6703765,","9.5385,",1.4939818,-,stairs,down,-,(including,gravity).
"1596279838000,","0.6512229,","9.337387,",1.4652514,-,stairs,down,-,(including,gravity).
"1596289031000,","0.6703765,","9.184157,",1.4077905,-,stairs,down,-,(including,gravity).
"1596299078000,","0.6991069,","9.11712,",1.436521,-,stairs,down,-,(including,gravity).
"1596309216000,","0.81402856,","9.165004,",1.5131354,-,stairs,down,-,(including,gravity).
"1596319789000,","0.8714894,","9.212888,",1.5610195,-,stairs,down,-,(including,gravity).
"1596330546000,","0.93852705,","9.279925,",1.6376339,-,stairs,down,-,(including,gravity).
"1596341667000,","0.93852705,","9.289502,",1.6472107,-,stairs,down,-,(including,gravity).
"1596352608000,","1.0055647,","9.404425,",1.7046716,-,stairs,down,-,(including,gravity).
"1596362588000,","1.043872,","9.337387,",1.7046716,-,stairs,down,-,(including,gravity).
"1596374637000,","0.9768343,","9.069236,",1.7812861,-,stairs,down,-,(including,gravity).
"1596385919000,","0.8523358,","8.829816,",1.8674773,-,stairs,down,-,(including,gravity).
"1596396901000,","0.60333884,","8.6574335,",1.9249382,-,stairs,down,-,(including,gravity).
"1596410628000,","0.37349546,","8.475474,",1.9632454,-,stairs,down,-,(including,gravity).
"1596422446000,","0.23942018,","7.97748,",1.9249382,-,stairs,down,-,(including,gravity).
"1596431974000,","0.1340753,","8.101978,",1.9249382,-,stairs,down,-,(including,gravity).
"1596442430000,","0.05746084,","7.9583263,",1.982399,-,stairs,down,-,(including,gravity).
"1596458181000,","0.18195933,","7.97748,",2.0590134,-,stairs,down,-,(including,gravity).
"1596470711000,","0.31603462,","8.130709,",2.135628,-,stairs,down,-,(including,gravity).
"1596482235000,","0.4405331,","8.437167,",2.3463178,-,stairs,down,-,(including,gravity).
"1596491661000,","0.35434186,","8.494628,",2.2697031,-,stairs,down,-,(including,gravity).
"1596502744000,","0.22984336,","8.350976,",2.0590134,-,stairs,down,-,(including,gravity).
"1596516398000,","0.10534488,","8.130709,",1.733402,-,stairs,down,-,(including,gravity).
"1596527268000,","0.06703765,","7.7667904,",1.541866,-,stairs,down,-,(including,gravity).
"1596539135000,","0.10534488,","7.4603324,",1.5131354,-,stairs,down,-,(including,gravity).
"1596553263000,","0.22984336,","7.192182,",1.8195933,-,stairs,down,-,(including,gravity).
"1596562364000,","0.25857377,","7.335834,",1.982399,-,stairs,down,-,(including,gravity).
"1596573250000,","0.30645782,","7.5465236,",2.0685902,-,stairs,down,-,(including,gravity).
"1596582438000,","0.34476504,","7.690176,",2.087744,-,stairs,down,-,(including,gravity).
"1596592567000,","0.31603462,","7.7189064,",1.8770541,-,stairs,down,-,(including,gravity).
"1596603196000,","0.2681506,","7.5944076,",1.6663644,-,stairs,down,-,(including,gravity).
"1596615762000,","0.18195933,","7.3166804,",1.5514427,-,stairs,down,-,(including,gravity).
"1596626126000,","0.17238252,","6.933608,",1.5514427,-,stairs,down,-,(including,gravity).
"1596637265000,","0.18195933,","6.742072,",1.7621324,-,stairs,down,-,(including,gravity).
"1596646319000,","0.2777274,","6.8282633,",2.1452048,-,stairs,down,-,(including,gravity).
"1596657005000,","0.4309563,","7.2783732,",2.5474305,-,stairs,down,-,(including,gravity).
"1596667082000,","0.41180268,","7.8625584,",2.920926,-,stairs,down,-,(including,gravity).
"1596678495000,","0.22984336,","8.331821,",3.1890767,-,stairs,down,-,(including,gravity).
"1596691670000,","-0.29688102,","8.532935,",3.1890767,-,stairs,down,-,(including,gravity).
"1596703028000,","-0.37349546,","8.322245,",3.0262709,-,stairs,down,-,(including,gravity).
"1596713113000,","-0.32561144,","8.226477,",2.8060043,-,stairs,down,-,(including,gravity).
"1596722338000,","-0.16280572,","8.255207,",2.6623523,-,stairs,down,-,(including,gravity).
"1596732358000,","0.06703765,","8.619126,",2.6623523,-,stairs,down,-,(including,gravity).
"1596742561000,","0.41180268,","9.251195,",2.7485435,-,stairs,down,-,(including,gravity).
"1596753307000,","0.63206923,","9.873688,",3.0933087,-,stairs,down,-,(including,gravity).
"1596762910000,","0.78529817,","10.70687,",3.6296098,-,stairs,down,-,(including,gravity).
"1596774443000,","0.7469909,","11.358093,",4.0414124,-,stairs,down,-,(including,gravity).
"1596784758000,","0.4309563,","11.492168,",4.060566,-,stairs,down,-,(including,gravity).
"1596808712000,","-0.11492168,","8.350976,",2.3558946,-,stairs,down,-,(including,gravity).
"1596818675000,","0.60333884,","8.475474,",1.3694834,-,stairs,down,-,(including,gravity).
"1596830627000,","1.283292,","9.739613,",1.1013328,-,stairs,down,-,(including,gravity).
"1596855516000,","0.6512229,","12.74673,",-0.9864111,-,stairs,down,-,(including,gravity).
"1596865808000,","-0.009576807,","14.269443,",-2.4229321,-,stairs,down,-,(including,gravity).
"1596876519000,","0.46926352,","16.903065,",-1.1109096,-,stairs,down,-,(including,gravity).
"1596886635000,","1.5610195,","18.224663,",0.047884032,-,stairs,down,-,(including,gravity).
"1596896510000,","0.30645782,","18.885464,",1.091756,-,stairs,down,-,(including,gravity).
"1596907972000,","-3.1794999,","17.324444,",1.2641385,-,stairs,down,-,(including,gravity).
"1596919914000,","-5.0661306,","12.928689,",0.7086837,-,stairs,down,-,(including,gravity).
"1596931038000,","-4.7979803,","9.14585,",0.6607997,-,stairs,down,-,(including,gravity).
"1596941843000,","-3.9360676,","6.4643445,",0.6991069,-,stairs,down,-,(including,gravity).
"1596953380000,","-2.834735,","5.4300494,",0.4405331,-,stairs,down,-,(including,gravity).
"1596966123000,","-1.2066777,","6.8761473,",-1.6472107,-,stairs,down,-,(including,gravity).
"1596977231000,","-0.36391866,","8.523358,",-1.5801731,-,stairs,down,-,(including,gravity).
"1596987495000,","0.38307226,","9.892841,",-1.1492168,-,stairs,down,-,(including,gravity).
"1596996860000,","0.5554548,","10.70687,",-0.89064306,-,stairs,down,-,(including,gravity).
"1597007677000,","0.2873042,","10.754754,",-0.8523358,-,stairs,down,-,(including,gravity).
"1597017196000,","0.06703765,","10.43872,",-0.8619126,-,stairs,down,-,(including,gravity).
"1597031289000,","-0.10534488,","10.333375,",-0.7374141,-,stairs,down,-,(including,gravity).
"1597041389000,","-0.45010993,","10.5919485,",-0.61291564,-,stairs,down,-,(including,gravity).
"1597053165000,","-0.90979666,","10.927136,",-0.45968673,-,stairs,down,-,(including,gravity).
"1597062759000,","-1.4269443,","10.716447,",0.6607997,-,stairs,down,-,(including,gravity).
"1597072647000,","-1.3215994,","10.362105,",1.436521,-,stairs,down,-,(including,gravity).
"1597083513000,","-1.1492168,","9.873688,",1.9249382,-,stairs,down,-,(including,gravity).
"1597097679000,","-1.1683705,","9.346964,",1.9440918,-,stairs,down,-,(including,gravity).
"1597107705000,","-1.2354081,","8.848969,",1.5227122,-,stairs,down,-,(including,gravity).
"1597117109000,","-1.2545617,","8.475474,",1.0821792,-,stairs,down,-,(including,gravity).
"1597128365000,","-1.1875241,","8.283937,",0.8523358,-,stairs,down,-,(including,gravity).
"1597139140000,","-1.340753,","8.293514,",0.6703765,-,stairs,down,-,(including,gravity).
"1597148475000,","-1.5801731,","8.197746,",0.61291564,-,stairs,down,-,(including,gravity).
"1597160918000,","-1.8674773,","7.699753,",0.49799395,-,stairs,down,-,(including,gravity).
"1597171687000,","-1.8195933,","7.489063,",0.58418524,-,stairs,down,-,(including,gravity).
"1597181108000,","-1.6376339,","7.431602,",0.7086837,-,stairs,down,-,(including,gravity).
"1597192662000,","-1.4077905,","7.6135616,",0.7374141,-,stairs,down,-,(including,gravity).
"1597202984000,","-1.1300632,","7.9391727,",0.78529817,-,stairs,down,-,(including,gravity).
"1597216836000,","-0.89064306,","8.437167,",0.9576807,-,stairs,down,-,(including,gravity).
"1597231955000,","-0.5363012,","9.241618,",1.4460979,-,stairs,down,-,(including,gravity).
"1597241871000,","-0.51714754,","9.203311,",1.7812861,-,stairs,down,-,(including,gravity).
"1597252269000,","-0.8523358,","8.8777,",1.6280571,-,stairs,down,-,(including,gravity).
"1597262328000,","-1.3311762,","8.42759,",1.2545617,-,stairs,down,-,(including,gravity).
"1597272547000,","-1.982399,","7.8912888,",0.842759,-,stairs,down,-,(including,gravity).
"1597282456000,","-2.6527755,","7.3166804,",0.62249243,-,stairs,down,-,(including,gravity).
"1597292609000,","-2.9879637,","6.799533,",0.9672575,-,stairs,down,-,(including,gravity).
"1597302829000,","-2.633622,","6.3302693,",1.7812861,-,stairs,down,-,(including,gravity).
"1597315979000,","-2.1930888,","5.592855,",2.2601264,-,stairs,down,-,(including,gravity).
"1597327947000,","-1.9536686,","5.257667,",0.8331822,-,stairs,down,-,(including,gravity).
"1597340837000,","-1.3215994,","5.5737014,",0.40222588,-,stairs,down,-,(including,gravity).
"1597353071000,","-0.7374141,","6.2345014,",0.38307226,-,stairs,down,-,(including,gravity).
"1597364232000,","-0.59376204,","6.8282633,",0.59376204,-,stairs,down,-,(including,gravity).
"1597376722000,","-0.8810662,","7.469909,",0.6703765,-,stairs,down,-,(including,gravity).
"1597388707000,","-1.9632454,","8.619126,",1.2449849,-,stairs,down,-,(including,gravity).
"1597399306000,","-2.7964275,","8.66701,",1.532289,-,stairs,down,-,(including,gravity).
"1597411201000,","-3.5051112,","8.580819,",1.8579005,-,stairs,down,-,(including,gravity).
"1597423566000,","-3.9935284,","8.331821,",2.2409728,-,stairs,down,-,(including,gravity).
"1597438460000,","-4.663905,","8.676587,",1.541866,-,stairs,down,-,(including,gravity).
"1597451524000,","-4.146757,","10.0269165,",1.1779473,-,stairs,down,-,(including,gravity).
"1597462580000,","-3.2465374,","12.440272,",0.78529817,-,stairs,down,-,(including,gravity).
"1597472945000,","-2.0973208,","15.399506,",0.6512229,-,stairs,down,-,(including,gravity).
"1597486600000,","1.3694834,","18.50239,",1.1109096,-,stairs,down,-,(including,gravity).
"1597497437000,","2.4133554,","18.310854,",1.3120226,-,stairs,down,-,(including,gravity).
"1597507124000,","2.27928,","16.634912,",1.9057846,-,stairs,down,-,(including,gravity).
"1597517320000,","1.8866309,","14.853627,",2.1452048,-,stairs,down,-,(including,gravity).
"1597528029000,","1.436521,","14.393941,",2.27928,-,stairs,down,-,(including,gravity).
"1597538268000,","0.90979666,","14.968549,",2.2505496,-,stairs,down,-,(including,gravity).
"1597550694000,","0.4405331,","16.041151,",2.1452048,-,stairs,down,-,(including,gravity).
"1597561997000,","0.35434186,","16.82645,",2.3080103,-,stairs,down,-,(including,gravity).
"1597572011000,","0.842759,","16.682798,",2.7102363,-,stairs,down,-,(including,gravity).
"1597581898000,","1.4460979,","16.108189,",3.3997664,-,stairs,down,-,(including,gravity).
"1597593006000,","1.5131354,","15.246277,",3.9073372,-,stairs,down,-,(including,gravity).
"1597604600000,","-0.2873042,","12.497733,",3.1603463,-,stairs,down,-,(including,gravity).
"1597615391000,","-1.3215994,","11.291056,",2.3463178,-,stairs,down,-,(including,gravity).
"1597626896000,","-1.6280571,","10.381259,",1.9536686,-,stairs,down,-,(including,gravity).
"1597636970000,","-1.340753,","9.548077,",1.8770541,-,stairs,down,-,(including,gravity).
"1597646985000,","-0.7278373,","8.762778,",1.9632454,-,stairs,down,-,(including,gravity).
"1597667263000,","0.48841715,","7.642292,",1.982399,-,stairs,down,-,(including,gravity).
"1597678993000,","0.6512229,","7.249643,",2.0207062,-,stairs,down,-,(including,gravity).
"1597690878000,","0.58418524,","6.8665705,",1.9153614,-,stairs,down,-,(including,gravity).
"1597700272000,","0.4405331,","6.397307,",1.8770541,-,stairs,down,-,(including,gravity).
"1597711705000,","0.23942018,","5.7365074,",1.9536686,-,stairs,down,-,(including,gravity).
"1597723029000,","-0.21068975,","4.510676,",2.030283,-,stairs,down,-,(including,gravity).
"1597734266000,","-0.35434186,","4.1371803,",2.2122424,-,stairs,down,-,(including,gravity).
"1597747824000,","-0.5650316,","3.9935284,",2.231396,-,stairs,down,-,(including,gravity).
"1597758264000,","-0.6895301,","4.4723687,",2.2122424,-,stairs,down,-,(including,gravity).
"1597770837000,","-0.7086837,","5.3247046,",2.3750482,-,stairs,down,-,(including,gravity).
"1597781903000,","-0.62249243,","6.435614,",2.767697,-,stairs,down,-,(including,gravity).
"1597792266000,","-0.6895301,","6.493075,",2.9017725,-,stairs,down,-,(including,gravity).
"1597807511000,","-0.80445176,","6.291962,",3.074155,-,stairs,down,-,(including,gravity).
"1597817089000,","-0.6799533,","5.9184666,",3.3327289,-,stairs,down,-,(including,gravity).
"1597827276000,","-0.49799395,","5.602432,",3.5338416,-,stairs,down,-,(including,gravity).
"1597838336000,","-0.40222588,","5.497087,",3.4763808,-,stairs,down,-,(including,gravity).
"1597847928000,","-0.37349546,","5.45878,",3.265691,-,stairs,down,-,(including,gravity).
"1597858663000,","-0.34476504,","5.6215854,",3.1603463,-,stairs,down,-,(including,gravity).
"1597870574000,","-0.45010993,","6.5984197,",2.5091233,-,stairs,down,-,(including,gravity).
"1597880927000,","-0.45968673,","7.2592196,",2.1739352,-,stairs,down,-,(including,gravity).
"1597890639000,","-0.545878,","7.9391727,",2.0973208,-,stairs,down,-,(including,gravity).
"1597901340000,","-0.6991069,","8.532935,",2.3558946,-,stairs,down,-,(including,gravity).
"1597910853000,","-0.82360536,","8.868123,",2.719813,-,stairs,down,-,(including,gravity).
"1597920827000,","-0.81402856,","9.040505,",3.1794999,-,stairs,down,-,(including,gravity).
"1597931500000,","-0.63206923,","9.279925,",3.6774938,-,stairs,down,-,(including,gravity).
"1597940976000,","-0.24899697,","9.548077,",3.8786068,-,stairs,down,-,(including,gravity).
"1597952148000,","0.15322891,","9.653421,",3.8115692,-,stairs,down,-,(including,gravity).
"1597961415000,","0.4405331,","9.528923,",3.7541082,-,stairs,down,-,(including,gravity).
"1597971817000,","0.50757074,","9.433155,",3.620033,-,stairs,down,-,(including,gravity).
"1597981813000,","0.4213795,","9.414001,",3.5625722,-,stairs,down,-,(including,gravity).
"1597992416000,","0.29688102,","9.490616,",3.6008794,-,stairs,down,-,(including,gravity).
"1598007557000,","0.20111294,","9.643845,",3.821146,-,stairs,down,-,(including,gravity).
"1598017073000,","-0.06703765,","10.036493,",4.1371803,-,stairs,down,-,(including,gravity).
"1598030435000,","-0.23942018,","10.1226845,",4.223372,-,stairs,down,-,(including,gravity).
"1598041265000,","-0.20111294,","10.218452,",4.1180267,-,stairs,down,-,(including,gravity).
"1598053449000,","0.16280572,","10.630256,",3.6870706,-,stairs,down,-,(including,gravity).
"1598064285000,","0.79487497,","11.520899,",3.2082303,-,stairs,down,-,(including,gravity).
"1598076614000,","1.292869,","13.302185,",3.0933087,-,stairs,down,-,(including,gravity).
"1598087505000,","1.4460979,","16.76899,",0.5650316,-,stairs,down,-,(including,gravity).
"1598097154000,","0.842759,","17.132908,",-0.32561144,-,stairs,down,-,(including,gravity).
"1598107698000,","0.12449849,","15.907076,",-1.2545617,-,stairs,down,-,(including,gravity).
"1598118820000,","-0.47884035,","14.15452,",-1.7908629,-,stairs,down,-,(including,gravity).
"1598131564000,","-0.8619126,","12.564771,",-1.8579005,-,stairs,down,-,(including,gravity).
"1598143023000,","-1.1971009,","11.329363,",-1.5610195,-,stairs,down,-,(including,gravity).
"1598152809000,","-1.436521,","10.266336,",-1.292869,-,stairs,down,-,(including,gravity).
"1598162848000,","-1.436521,","9.404425,",-1.1109096,-,stairs,down,-,(including,gravity).
"1598172679000,","-1.091756,","9.308656,",-0.30645782,-,stairs,down,-,(including,gravity).
"1598182647000,","-0.6895301,","10.28549,",0.641646,-,stairs,down,-,(including,gravity).
"1598193420000,","-0.6512229,","12.124237,",1.2449849,-,stairs,down,-,(including,gravity).
"1598203545000,","-1.1683705,","13.560759,",1.2641385,-,stairs,down,-,(including,gravity).
"1598215373000,","-2.1643584,","13.196839,",0.8619126,-,stairs,down,-,(including,gravity).
"1598225534000,","-2.3175871,","11.779472,",0.80445176,-,stairs,down,-,(including,gravity).
"1598236055000,","-2.3750482,","10.630256,",0.92895025,-,stairs,down,-,(including,gravity).
"1598245660000,","-2.327164,","9.758766,",0.90979666,-,stairs,down,-,(including,gravity).
"1598257137000,","-2.1643584,","9.308656,",0.90021986,-,stairs,down,-,(including,gravity).
"1598266315000,","-1.9057846,","8.983045,",0.7182605,-,stairs,down,-,(including,gravity).
"1598276759000,","-1.6759412,","8.695741,",0.5746084,-,stairs,down,-,(including,gravity).
"1598286877000,","-1.3503298,","8.561666,",0.62249243,-,stairs,down,-,(including,gravity).
"1598296573000,","-1.0055647,","8.513782,",0.51714754,-,stairs,down,-,(including,gravity).
"1598306781000,","-0.7374141,","8.590396,",0.45968673,-,stairs,down,-,(including,gravity).
"1598316990000,","-0.48841715,","8.628703,",0.4309563,-,stairs,down,-,(including,gravity).
"1598327072000,","-0.35434186,","8.494628,",0.47884035,-,stairs,down,-,(including,gravity).
"1598337599000,","-0.37349546,","8.24563,",0.51714754,-,stairs,down,-,(including,gravity).
"1598347259000,","-0.38307226,","7.881712,",0.6703765,-,stairs,down,-,(including,gravity).
"1598358457000,","-0.31603462,","7.5465236,",0.78529817,-,stairs,down,-,(including,gravity).
"1598368248000,","-0.22984336,","7.374141,",1.0630256,-,stairs,down,-,(including,gravity).
"1598379468000,","-0.22984336,","7.479486,",1.4077905,-,stairs,down,-,(including,gravity).
"1598389513000,","-0.34476504,","7.747637,",1.5610195,-,stairs,down,-,(including,gravity).
"1598400497000,","-0.60333884,","8.073248,",1.6567876,-,stairs,down,-,(including,gravity).
"1598411082000,","-0.9864111,","8.24563,",1.8387469,-,stairs,down,-,(including,gravity).
"1598420633000,","-0.9864111,","8.24563,",1.8387469,-,stairs,down,-,(including,gravity).
"1598431409000,","-0.7757214,","7.6614456,",1.7238252,-,stairs,down,-,(including,gravity).
"1598441453000,","-0.61291564,","7.2592196,",1.6184803,-,stairs,down,-,(including,gravity).
"1598452730000,","-0.49799395,","6.895301,",1.7525556,-,stairs,down,-,(including,gravity).
"1598462038000,","-0.61291564,","6.7229185,",2.0494366,-,stairs,down,-,(including,gravity).
"1598472470000,","-0.91937345,","6.6175733,",2.2601264,-,stairs,down,-,(including,gravity).
"1598482254000,","-1.3790601,","6.7708025,",2.2026656,-,stairs,down,-,(including,gravity).
"1598492385000,","-1.8579005,","7.029376,",1.9440918,-,stairs,down,-,(including,gravity).
"1598502881000,","-2.1452048,","7.383718,",1.8674773,-,stairs,down,-,(including,gravity).
"1598515638000,","-2.2409728,","7.7189064,",1.8866309,-,stairs,down,-,(including,gravity).
"1598527234000,","-2.1260512,","8.082825,",1.8962077,-,stairs,down,-,(including,gravity).
"1598537822000,","-1.9728222,","8.475474,",1.7908629,-,stairs,down,-,(including,gravity).
"1598547391000,","-1.8579005,","8.896853,",1.5897499,-,stairs,down,-,(including,gravity).
"1598559002000,","-1.7429788,","9.222465,",1.6663644,-,stairs,down,-,(including,gravity).
"1598572106000,","-1.7429788,","9.088389,",1.7046716,-,stairs,down,-,(including,gravity).
"1598582789000,","-1.8962077,","8.90643,",1.6376339,-,stairs,down,-,(including,gravity).
"1598592846000,","-2.087744,","8.868123,",1.5705963,-,stairs,down,-,(including,gravity).
"1598603405000,","-2.2122424,","8.868123,",1.4556746,-,stairs,down,-,(including,gravity).
"1598617220000,","-2.3942018,","8.887277,",1.5035586,-,stairs,down,-,(including,gravity).
"1598628299000,","-2.9592333,","9.548077,",0.8714894,-,stairs,down,-,(including,gravity).
"1598637827000,","-2.4612393,","10.668563,",0.94810385,-,stairs,down,-,(including,gravity).
"1598649309000,","-1.541866,","12.191275,",1.3024458,-,stairs,down,-,(including,gravity).
"1598661928000,","-0.7278373,","13.761871,",1.5610195,-,stairs,down,-,(including,gravity).
"1598671924000,","0.02873042,","15.006856,",1.6376339,-,stairs,down,-,(including,gravity).
"1598688473000,","1.1875241,","14.930242,",1.5801731,-,stairs,down,-,(including,gravity).
"1598699175000,","1.2258313,","14.681245,",1.4652514,-,stairs,down,-,(including,gravity).
"1598710842000,","0.9864111,","14.958972,",2.0685902,-,stairs,down,-,(including,gravity).
"1598724240000,","0.7374141,","15.44739,",2.8060043,-,stairs,down,-,(including,gravity).
"1598736586000,","0.22026655,","15.591042,",3.8019924,-,stairs,down,-,(including,gravity).
"1598746237000,","0.32561144,","15.380352,",3.8786068,-,stairs,down,-,(including,gravity).
"1598758125000,","0.48841715,","15.140931,",4.0318356,-,stairs,down,-,(including,gravity).
"1598771534000,","0.46926352,","14.81532,",4.0318356,-,stairs,down,-,(including,gravity).
"1598782017000,","0.22026655,","13.867216,",3.6966474,-,stairs,down,-,(including,gravity).
"1598792755000,","-0.05746084,","12.603078,",3.41892,-,stairs,down,-,(including,gravity).
"1598803370000,","-0.38307226,","11.386824,",3.0454245,-,stairs,down,-,(including,gravity).
"1598813375000,","-0.4405331,","10.25676,",2.7102363,-,stairs,down,-,(including,gravity).
"1598824531000,","-0.23942018,","9.299079,",2.3175871,-,stairs,down,-,(including,gravity).
"1598837700000,","0.46926352,","7.9583263,",1.9536686,-,stairs,down,-,(including,gravity).
"1598847863000,","0.6991069,","7.632715,",1.9153614,-,stairs,down,-,(including,gravity).
"1598858547000,","0.91937345,","7.4603324,",1.8195933,-,stairs,down,-,(including,gravity).
"1598870455000,","1.0534488,","7.326257,",1.7717092,-,stairs,down,-,(including,gravity).
"1598881153000,","1.0821792,","7.0964136,",1.8100165,-,stairs,down,-,(including,gravity).
"1598892251000,","0.91937345,","6.7229185,",1.9919758,-,stairs,down,-,(including,gravity).
"1598906571000,","0.32561144,","5.9184666,",2.183512,-,stairs,down,-,(including,gravity).
"1598916634000,","-0.076614454,","5.592855,",2.231396,-,stairs,down,-,(including,gravity).
"1598927364000,","-0.34476504,","5.4300494,",2.2984335,-,stairs,down,-,(including,gravity).
"1598937709000,","-0.51714754,","5.171476,",2.1547816,-,stairs,down,-,(including,gravity).
"1598947149000,","-0.58418524,","4.999093,",2.0685902,-,stairs,down,-,(including,gravity).
"1598957295000,","-0.60333884,","4.7979803,",1.8387469,-,stairs,down,-,(including,gravity).
"1598967504000,","-0.4405331,","4.654328,",1.6663644,-,stairs,down,-,(including,gravity).
"1598978670000,","-0.19153613,","4.5298295,",1.532289,-,stairs,down,-,(including,gravity).
"1598989832000,","0.10534488,","4.4915223,",1.3982137,-,stairs,down,-,(including,gravity).
"1599002278000,","0.6703765,","4.5681367,",1.388637,-,stairs,down,-,(including,gravity).
"1599012424000,","0.6895301,","4.7788267,",1.7525556,-,stairs,down,-,(including,gravity).
"1599023272000,","0.6895301,","5.2002063,",2.231396,-,stairs,down,-,(including,gravity).
"1599032829000,","0.48841715,","5.6982,",2.6623523,-,stairs,down,-,(including,gravity).
"1599042863000,","0.21068975,","6.3302693,",3.0071173,-,stairs,down,-,(including,gravity).
"1599055423000,","0.019153614,","7.1059904,",3.1986535,-,stairs,down,-,(including,gravity).
"1599065723000,","-0.1436521,","8.1402855,",3.371036,-,stairs,down,-,(including,gravity).
"1599077263000,","-0.25857377,","9.308656,",3.41892,-,stairs,down,-,(including,gravity).
"1599087610000,","-0.33518824,","10.496181,",3.514688,-,stairs,down,-,(including,gravity).
"1599097595000,","-0.30645782,","11.281479,",3.6870706,-,stairs,down,-,(including,gravity).
"1599108621000,","-0.12449849,","11.511322,",3.9552212,-,stairs,down,-,(including,gravity).
"1599120188000,","0.6512229,","11.492168,",4.4436383,-,stairs,down,-,(including,gravity).
"1599130134000,","0.8523358,","11.36767,",4.4723687,-,stairs,down,-,(including,gravity).
"1599141204000,","0.81402856,","11.061212,",4.4819455,-,stairs,down,-,(including,gravity).
"1599150768000,","0.40222588,","10.43872,",4.309563,-,stairs,down,-,(including,gravity).
"1599161549000,","0.31603462,","10.208876,",3.8977604,-,stairs,down,-,(including,gravity).
"1599171963000,","0.63206923,","10.553641,",2.9783869,-,stairs,down,-,(including,gravity).
"1599181930000,","1.0342951,","11.9135475,",3.0550013,-,stairs,down,-,(including,gravity).
"1599191774000,","1.292869,","13.464991,",2.6623523,-,stairs,down,-,(including,gravity).
"1599204264000,","1.0534488,","14.863204,",1.5514427,-,stairs,down,-,(including,gravity).
"1599214193000,","0.5267244,","15.294161,",0.39264908,-,stairs,down,-,(including,gravity).
"1599225874000,","-0.20111294,","14.365211,",-1.5897499,-,stairs,down,-,(including,gravity).
"1599239358000,","-0.545878,","12.08593,",-1.934515,-,stairs,down,-,(including,gravity).
"1599252665000,","-0.46926352,","12.028469,",-0.8523358,-,stairs,down,-,(including,gravity).
"1599266571000,","-0.641646,","12.325351,",-0.31603462,-,stairs,down,-,(including,gravity).
"1599278004000,","-1.5993267,","12.334928,",-0.22026655,-,stairs,down,-,(including,gravity).
"1599288729000,","-1.3503298,","12.277467,",-0.019153614,-,stairs,down,-,(including,gravity).
"1599302791000,","-0.5746084,","12.363658,",0.21068975,-,stairs,down,-,(including,gravity).
"1599313370000,","0.1340753,","12.650962,",-0.06703765,-,stairs,down,-,(including,gravity).
"1599327065000,","0.08619126,","12.0093155,",-0.7278373,-,stairs,down,-,(including,gravity).
"1599338153000,","-0.2873042,","11.281479,",-0.5650316,-,stairs,down,-,(including,gravity).
"1599349174000,","-0.5554548,","10.582372,",-0.16280572,-,stairs,down,-,(including,gravity).
"1599360215000,","-0.641646,","10.055647,",0.22026655,-,stairs,down,-,(including,gravity).
"1599371011000,","-0.5554548,","9.672575,",0.21068975,-,stairs,down,-,(including,gravity).
"1599380566000,","-0.4405331,","9.548077,",-0.02873042,-,stairs,down,-,(including,gravity).
"1599391175000,","-0.31603462,","9.509769,",-0.34476504,-,stairs,down,-,(including,gravity).
"1599401926000,","-0.25857377,","9.509769,",-0.51714754,-,stairs,down,-,(including,gravity).
"1599412532000,","-0.23942018,","9.519346,",-0.545878,-,stairs,down,-,(including,gravity).
"1599423081000,","-0.32561144,","9.423578,",-0.36391866,-,stairs,down,-,(including,gravity).
"1599434539000,","-0.545878,","8.868123,",0.29688102,-,stairs,down,-,(including,gravity).
"1599445174000,","-0.78529817,","8.197746,",0.58418524,-,stairs,down,-,(including,gravity).
"1599455513000,","-0.9864111,","7.565677,",0.90979666,-,stairs,down,-,(including,gravity).
"1599466419000,","-1.0726024,","7.038953,",1.2449849,-,stairs,down,-,(including,gravity).
"1599476468000,","-1.0821792,","6.799533,",1.5227122,-,stairs,down,-,(including,gravity).
"1599488460000,","-1.0726024,","6.8282633,",1.7429788,-,stairs,down,-,(including,gravity).
"1599500842000,","-1.091756,","7.1059904,",1.6759412,-,stairs,down,-,(including,gravity).
"1599511535000,","-0.9959879,","7.374141,",1.8866309,-,stairs,down,-,(including,gravity).
"1599522432000,","-0.60333884,","7.843405,",2.3654714,-,stairs,down,-,(including,gravity).
"1599532250000,","-0.4405331,","8.178593,",3.0933087,-,stairs,down,-,(including,gravity).
"1599542983000,","-0.9672575,","8.178593,",2.7006595,-,stairs,down,-,(including,gravity).
"1599554840000,","-1.4556746,","7.833828,",1.9153614,-,stairs,down,-,(including,gravity).
"1599564540000,","-1.8387469,","7.2209125,",1.4652514,-,stairs,down,-,(including,gravity).
"1599575912000,","-2.0015526,","6.7803793,",1.3982137,-,stairs,down,-,(including,gravity).
"1599586716000,","-2.0590134,","6.7133417,",1.7812861,-,stairs,down,-,(including,gravity).
"1599596795000,","-2.2218192,","6.8091097,",2.231396,-,stairs,down,-,(including,gravity).
"1599608803000,","-2.2026656,","7.536947,",2.231396,-,stairs,down,-,(including,gravity).
"1599619245000,","-2.0973208,","8.130709,",2.1643584,-,stairs,down,-,(including,gravity).
"1599628599000,","-2.0111294,","8.571242,",2.1739352,-,stairs,down,-,(including,gravity).
"1599639198000,","-1.9919758,","8.916007,",2.087744,-,stairs,down,-,(including,gravity).
"1599650951000,","-1.8579005,","9.002198,",2.0685902,-,stairs,down,-,(including,gravity).
"1599661870000,","-1.8674773,","9.241618,",2.2122424,-,stairs,down,-,(including,gravity).
"1599672798000,","-2.0494366,","9.461885,",2.27928,-,stairs,down,-,(including,gravity).
"1599684615000,","-2.1739352,","9.595961,",2.087744,-,stairs,down,-,(including,gravity).
"1599697788000,","-2.2218192,","9.682152,",2.1547816,-,stairs,down,-,(including,gravity).
"1599708206000,","-2.4037786,","10.01734,",2.2026656,-,stairs,down,-,(including,gravity).
"1599723334000,","-2.231396,","11.21444,",1.3790601,-,stairs,down,-,(including,gravity).
"1599734341000,","-1.7812861,","12.334928,",1.043872,-,stairs,down,-,(including,gravity).
"1599746790000,","-0.93852705,","13.378799,",0.9768343,-,stairs,down,-,(including,gravity).
"1599756255000,","0.095768064,","14.15452,",1.091756,-,stairs,down,-,(including,gravity).
"1599766154000,","1.1683705,","14.748282,",1.0726024,-,stairs,down,-,(including,gravity).
"1599776373000,","1.934515,","15.121778,",0.9576807,-,stairs,down,-,(including,gravity).
"1599786657000,","2.2505496,","14.891934,",0.7565677,-,stairs,down,-,(including,gravity).
"1599796814000,","2.1643584,","14.288596,",0.58418524,-,stairs,down,-,(including,gravity).
"1599808551000,","1.6759412,","12.832921,",1.2354081,-,stairs,down,-,(including,gravity).
"1599821957000,","1.388637,","12.287044,",1.541866,-,stairs,down,-,(including,gravity).
"1599831402000,","1.0055647,","11.741165,",1.7908629,-,stairs,down,-,(including,gravity).
"1599841453000,","0.6799533,","11.693281,",2.0685902,-,stairs,down,-,(including,gravity).
"1599851479000,","0.5267244,","11.932701,",2.4229321,-,stairs,down,-,(including,gravity).
"1599861585000,","0.5267244,","12.4785795,",2.8538885,-,stairs,down,-,(including,gravity).
"1599871773000,","0.2873042,","13.397953,",3.1507695,-,stairs,down,-,(including,gravity).
"1599882347000,","-0.1340753,","14.039598,",3.4093432,-,stairs,down,-,(including,gravity).
"1599891912000,","-0.5554548,","13.905523,",3.3518825,-,stairs,down,-,(including,gravity).
"1599904687000,","-0.81402856,","13.120225,",3.2273839,-,stairs,down,-,(including,gravity).
"1599916038000,","-0.90021986,","12.038046,",2.9592333,-,stairs,down,-,(including,gravity).
"1599926728000,","-0.6895301,","9.548077,",2.2984335,-,stairs,down,-,(including,gravity).
"1599937995000,","-0.31603462,","8.437167,",1.8674773,-,stairs,down,-,(including,gravity).
"1599947533000,","0.17238252,","7.1826053,",1.4652514,-,stairs,down,-,(including,gravity).
"1599958771000,","0.5267244,","6.042965,",1.3024458,-,stairs,down,-,(including,gravity).
"1599973044000,","0.58418524,","5.1523223,",1.2354081,-,stairs,down,-,(including,gravity).
"1599982731000,","0.46926352,","4.759673,",1.3024458,-,stairs,down,-,(including,gravity).
"1599993227000,","0.29688102,","4.9703627,",1.2737153,-,stairs,down,-,(including,gravity).
"1600006853000,","0.37349546,","5.66947,",1.3215994,-,stairs,down,-,(including,gravity).
"1600017068000,","0.545878,","5.861006,",1.4077905,-,stairs,down,-,(including,gravity).
"1600031364000,","0.6991069,","5.985504,",1.3311762,-,stairs,down,-,(including,gravity).
"1600042826000,","0.80445176,","5.985504,",1.1492168,-,stairs,down,-,(including,gravity).
"1600055931000,","0.5554548,","5.554548,",0.48841715,-,stairs,down,-,(including,gravity).
"1600066425000,","0.4405331,","5.305551,",0.15322891,-,stairs,down,-,(including,gravity).
"1600077537000,","0.5267244,","5.1906295,",-0.10534488,-,stairs,down,-,(including,gravity).
"1600087642000,","0.641646,","5.142745,",0.009576807,-,stairs,down,-,(including,gravity).
"1600097600000,","0.7469909,","5.353435,",0.5554548,-,stairs,down,-,(including,gravity).
"1600107759000,","0.89064306,","5.793968,",1.1683705,-,stairs,down,-,(including,gravity).
"1600117473000,","0.8810662,","6.4260373,",1.8866309,-,stairs,down,-,(including,gravity).
"1600128701000,","0.81402856,","7.1155677,",2.8634653,-,stairs,down,-,(including,gravity).
"1600143298000,","0.6895301,","7.920019,",3.8786068,-,stairs,down,-,(including,gravity).
"1600156555000,","0.16280572,","9.241618,",4.6160207,-,stairs,down,-,(including,gravity).
"1600166409000,","-0.047884032,","9.337387,",3.9935284,-,stairs,down,-,(including,gravity).
"1600177387000,","-0.2873042,","9.030929,",3.2273839,-,stairs,down,-,(including,gravity).
"1600187766000,","-0.2777274,","8.580819,",2.5474305,-,stairs,down,-,(including,gravity).
"1600197497000,","-0.019153614,","8.255207,",2.2409728,-,stairs,down,-,(including,gravity).
"1600210489000,","0.31603462,","8.0924015,",2.327164,-,stairs,down,-,(including,gravity).
"1600222867000,","0.4213795,","7.920019,",2.5091233,-,stairs,down,-,(including,gravity).
"1600232365000,","0.39264908,","8.00621,",2.834735,-,stairs,down,-,(including,gravity).
"1600243469000,","0.80445176,","8.456321,",3.0358477,-,stairs,down,-,(including,gravity).
"1600254576000,","1.6376339,","9.739613,",2.1930888,-,stairs,down,-,(including,gravity).
"1600263718000,","2.5091233,","12.53604,",1.4173675,-,stairs,down,-,(including,gravity).
"1600275156000,","2.7102363,","16.041151,",1.2162545,-,stairs,down,-,(including,gravity).
"1600286038000,","2.1739352,","17.793707,",0.61291564,-,stairs,down,-,(including,gravity).
"1600296375000,","1.1300632,","18.665197,",-0.48841715,-,stairs,down,-,(including,gravity).
"1600307475000,","0.1436521,","17.535133,",-1.0821792,-,stairs,down,-,(including,gravity).
"1600317177000,","-0.6991069,","14.987702,",-0.38307226,-,stairs,down,-,(including,gravity).
"1600327768000,","-1.4652514,","13.01488,",1.0151415,-,stairs,down,-,(including,gravity).
"1600339275000,","-1.6184803,","11.980585,",0.6895301,-,stairs,down,-,(including,gravity).
"1600351227000,","-1.8674773,","11.702858,",0.50757074,-,stairs,down,-,(including,gravity).
"1600361593000,","-1.4173675,","13.464991,",0.8331822,-,stairs,down,-,(including,gravity).
"1600372813000,","-1.2737153,","16.242264,",1.340753,-,stairs,down,-,(including,gravity).
"1600382510000,","-1.6280571,","17.793707,",1.1683705,-,stairs,down,-,(including,gravity).
"1600392712000,","-1.6950948,","16.184803,",0.23942018,-,stairs,down,-,(including,gravity).
"1600403322000,","-1.3694834,","13.484144,",-0.34476504,-,stairs,down,-,(including,gravity).
"1600416774000,","-1.2449849,","11.204864,",-0.22026655,-,stairs,down,-,(including,gravity).
"1600427213000,","-1.3694834,","9.797073,",0.16280572,-,stairs,down,-,(including,gravity).
"1600437639000,","-1.292869,","9.394848,",0.4213795,-,stairs,down,-,(including,gravity).
"1600447292000,","-0.89064306,","9.203311,",0.48841715,-,stairs,down,-,(including,gravity).
"1600457769000,","-0.641646,","9.557653,",0.1340753,-,stairs,down,-,(including,gravity).
"1600467503000,","-0.48841715,","9.528923,",-0.15322891,-,stairs,down,-,(including,gravity).
"1600478111000,","-0.047884032,","8.159439,",-0.25857377,-,stairs,down,-,(including,gravity).
"1600488501000,","0.2873042,","7.2783732,",-0.24899697,-,stairs,down,-,(including,gravity).
"1600500839000,","0.50757074,","6.531382,",-0.23942018,-,stairs,down,-,(including,gravity).
"1600511212000,","0.545878,","6.0142345,",-0.19153613,-,stairs,down,-,(including,gravity).
"1600523606000,","0.45968673,","5.7843914,",-0.06703765,-,stairs,down,-,(including,gravity).
"1600541894000,","0.37349546,","6.3206925,",0.6512229,-,stairs,down,-,(including,gravity).
"1600552015000,","0.45968673,","6.847417,",1.1109096,-,stairs,down,-,(including,gravity).
"1600562500000,","0.47884035,","7.5848308,",1.4652514,-,stairs,down,-,(including,gravity).
"1600573048000,","0.2873042,","8.465898,",1.685518,-,stairs,down,-,(including,gravity).
"1600582891000,","-0.095768064,","9.136273,",1.5897499,-,stairs,down,-,(including,gravity).
"1600593473000,","-0.6895301,","9.423578,",1.5514427,-,stairs,down,-,(including,gravity).
"1600607274000,","-1.4939818,","8.571242,",2.3463178,-,stairs,down,-,(including,gravity).
"1600616807000,","-1.4556746,","7.5082164,",3.064578,-,stairs,down,-,(including,gravity).
"1600627243000,","-1.4269443,","6.5026517,",3.2944214,-,stairs,down,-,(including,gravity).
"1600638260000,","-1.5705963,","6.0716953,",2.432509,-,stairs,down,-,(including,gravity).
"1600648284000,","-1.8962077,","5.765238,",1.043872,-,stairs,down,-,(including,gravity).
"1600658420000,","-1.8483237,","5.7843914,",0.33518824,-,stairs,down,-,(including,gravity).
"1600668134000,","-1.5801731,","6.196194,",0.7757214,-,stairs,down,-,(including,gravity).
"1600681904000,","-1.2258313,","6.5984197,",1.4077905,-,stairs,down,-,(including,gravity).
"1600692809000,","-1.0342951,","7.067683,",1.8962077,-,stairs,down,-,(including,gravity).
"1600705833000,","-1.5227122,","8.446744,",1.8100165,-,stairs,down,-,(including,gravity).
"1600716659000,","-2.030283,","9.155427,",1.685518,-,stairs,down,-,(including,gravity).
"1600727400000,","-2.4708161,","9.854534,",1.6472107,-,stairs,down,-,(including,gravity).
"1600738242000,","-2.6048915,","10.46745,",1.6567876,-,stairs,down,-,(including,gravity).
"1600751268000,","-2.27928,","10.764331,",2.0111294,-,stairs,down,-,(including,gravity).
"1600765734000,","-1.7717092,","10.304645,",2.4995465,-,stairs,down,-,(including,gravity).
"1600777117000,","-2.6144683,","9.988609,",2.2218192,-,stairs,down,-,(including,gravity).
"1600788785000,","-3.1028855,","10.103531,",1.5035586,-,stairs,down,-,(including,gravity).
"1600801372000,","-2.6527755,","11.291056,",1.091756,-,stairs,down,-,(including,gravity).
"1600816814000,","-0.45968673,","15.71554,",0.9576807,-,stairs,down,-,(including,gravity).
"1600827469000,","1.091756,","16.931795,",0.5363012,-,stairs,down,-,(including,gravity).
"1600838453000,","2.6719291,","16.280571,",0.51714754,-,stairs,down,-,(including,gravity).
"1600851073000,","3.6296098,","14.432248,",0.62249243,-,stairs,down,-,(including,gravity).
"1600861678000,","3.763685,","12.5743475,",0.5554548,-,stairs,down,-,(including,gravity).
"1600872706000,","2.135628,","10.697293,",1.3694834,-,stairs,down,-,(including,gravity).
"1600882280000,","1.1492168,","11.310209,",1.8770541,-,stairs,down,-,(including,gravity).
"1600892062000,","0.5267244,","12.641385,",2.2601264,-,stairs,down,-,(including,gravity).
"1600903313000,","0.009576807,","13.790602,",2.5187001,-,stairs,down,-,(including,gravity).
"1600913319000,","-0.18195933,","14.709975,",3.0071173,-,stairs,down,-,(including,gravity).
"1600922774000,","-0.1340753,","14.614207,",3.5434184,-,stairs,down,-,(including,gravity).
"1600932514000,","-0.19153613,","13.685257,",3.8786068,-,stairs,down,-,(including,gravity).
"1600942602000,","-0.31603462,","12.641385,",4.1659107,-,stairs,down,-,(including,gravity).
"1600954864000,","-0.33518824,","11.616667,",4.3957543,-,stairs,down,-,(including,gravity).
"1600964090000,","-0.61291564,","11.3964,",4.31914,-,stairs,down,-,(including,gravity).
"1600975507000,","-0.8810662,","10.582372,",3.620033,-,stairs,down,-,(including,gravity).
"1600984820000,","-0.92895025,","9.720459,",2.920926,-,stairs,down,-,(including,gravity).
"1600996004000,","-0.6799533,","8.686164,",2.135628,-,stairs,down,-,(including,gravity).
"1601008197000,","-0.30645782,","7.374141,",1.6280571,-,stairs,down,-,(including,gravity).
"1601017486000,","0.08619126,","6.1004257,",1.541866,-,stairs,down,-,(including,gravity).
"1601030878000,","0.7182605,","5.4204726,",1.4077905,-,stairs,down,-,(including,gravity).
"1601040782000,","0.7661445,","5.631162,",1.1587936,-,stairs,down,-,(including,gravity).
"1601050886000,","0.78529817,","5.8226986,",1.0534488,-,stairs,down,-,(including,gravity).
"1601063741000,","0.842759,","5.8801594,",1.1013328,-,stairs,down,-,(including,gravity).
"1601073094000,","0.91937345,","5.793968,",1.13964,-,stairs,down,-,(including,gravity).
"1601083912000,","0.92895025,","5.6790466,",1.13964,-,stairs,down,-,(including,gravity).
"1601093749000,","0.82360536,","5.5641246,",1.1013328,-,stairs,down,-,(including,gravity).
"1601103803000,","0.63206923,","5.5641246,",1.1587936,-,stairs,down,-,(including,gravity).
"1601114987000,","0.38307226,","5.6120086,",1.1013328,-,stairs,down,-,(including,gravity).
"1601125568000,","0.17238252,","5.6982,",1.2162545,-,stairs,down,-,(including,gravity).
"1601136732000,","-0.019153614,","5.650316,",1.4460979,-,stairs,down,-,(including,gravity).
"1601145953000,","-0.095768064,","5.583278,",1.6759412,-,stairs,down,-,(including,gravity).
"1601156340000,","-0.30645782,","5.449203,",1.8483237,-,stairs,down,-,(including,gravity).
"1601166776000,","-0.4213795,","5.45878,",1.9728222,-,stairs,down,-,(including,gravity).
"1601176666000,","-0.38307226,","5.765238,",2.336741,-,stairs,down,-,(including,gravity).
"1601188540000,","-0.31603462,","7.441179,",3.3135753,-,stairs,down,-,(including,gravity).
"1601198228000,","-0.31603462,","8.628703,",3.763685,-,stairs,down,-,(including,gravity).
"1601209307000,","-0.38307226,","9.56723,",4.0222588,-,stairs,down,-,(including,gravity).
"1601222661000,","-0.48841715,","10.151415,",3.9839516,-,stairs,down,-,(including,gravity).
"1601232190000,","-0.6512229,","10.390836,",3.7349546,-,stairs,down,-,(including,gravity).
"1601242311000,","-0.59376204,","10.247183,",3.5051112,-,stairs,down,-,(including,gravity).
"1601257176000,","0.11492168,","9.595961,",3.41892,-,stairs,down,-,(including,gravity).
"1601266746000,","0.39264908,","9.576807,",3.5051112,-,stairs,down,-,(including,gravity).
"1601277200000,","0.35434186,","9.442732,",3.5242648,-,stairs,down,-,(including,gravity).
"1601291012000,","0.4213795,","9.797073,",3.7253778,-,stairs,down,-,(including,gravity).
"1601301525000,","0.62249243,","10.247183,",3.5529952,-,stairs,down,-,(including,gravity).
"1601312660000,","1.0534488,","11.36767,",2.7389667,-,stairs,down,-,(including,gravity).
"1601321748000,","1.3503298,","12.966996,",1.7908629,-,stairs,down,-,(including,gravity).
"1601331701000,","1.13964,","14.4130945,",0.047884032,-,stairs,down,-,(including,gravity).
"1601341792000,","0.545878,","15.552734,",-1.340753,-,stairs,down,-,(including,gravity).
"1601352347000,","-0.08619126,","15.907076,",-2.681506,-,stairs,down,-,(including,gravity).
"1601362103000,","-0.5650316,","15.389929,",-2.834735,-,stairs,down,-,(including,gravity).
"1601372261000,","-0.7182605,","14.164097,",-1.5131354,-,stairs,down,-,(including,gravity).
"1601382361000,","-0.6703765,","12.98615,",0.33518824,-,stairs,down,-,(including,gravity).
"1601392488000,","-0.94810385,","12.076353,",0.8523358,-,stairs,down,-,(including,gravity).
"1601407679000,","-2.3654714,","10.869676,",0.6607997,-,stairs,down,-,(including,gravity).
"1601416802000,","-2.432509,","10.994174,",1.091756,-,stairs,down,-,(including,gravity).
"1601427282000,","-2.0973208,","11.434708,",1.3120226,-,stairs,down,-,(including,gravity).
"1601437726000,","-2.0111294,","12.315774,",1.1587936,-,stairs,down,-,(including,gravity).
"1601447160000,","-1.9919758,","13.273455,",0.8619126,-,stairs,down,-,(including,gravity).
"1601457290000,","-2.0207062,","13.64695,",0.61291564,-,stairs,down,-,(including,gravity).
"1601467363000,","-2.0494366,","13.196839,",0.78529817,-,stairs,down,-,(including,gravity).
"1601482278000,","-2.0685902,","11.080365,",0.89064306,-,stairs,down,-,(including,gravity).
"1601492504000,","-2.0207062,","9.950302,",0.6607997,-,stairs,down,-,(including,gravity).
"1601505997000,","-1.6950948,","8.983045,",0.29688102,-,stairs,down,-,(including,gravity).
"1601516616000,","-1.1204864,","8.178593,",0.08619126,-,stairs,down,-,(including,gravity).
"1601527764000,","-0.63206923,","7.785944,",-0.05746084,-,stairs,down,-,(including,gravity).
"1601538557000,","-0.31603462,","7.7093296,",-0.08619126,-,stairs,down,-,(including,gravity).
"1601551150000,","-0.06703765,","8.628703,",0.17238252,-,stairs,down,-,(including,gravity).
"1601563096000,","-0.2777274,","9.184157,",0.39264908,-,stairs,down,-,(including,gravity).
"1601573109000,","-0.61291564,","9.3182335,",0.7661445,-,stairs,down,-,(including,gravity).
"1601582759000,","-0.90979666,","8.944737,",1.3311762,-,stairs,down,-,(including,gravity).
"1601592887000,","-1.2162545,","8.283937,",1.733402,-,stairs,down,-,(including,gravity).
"1601606844000,","-1.5227122,","7.73806,",1.934515,-,stairs,down,-,(including,gravity).
"1601616731000,","-1.6472107,","7.335834,",1.8100165,-,stairs,down,-,(including,gravity).
"1601627186000,","-1.6280571,","7.2209125,",1.5801731,-,stairs,down,-,(including,gravity).
"1601639152000,","-1.4269443,","7.2592196,",1.541866,-,stairs,down,-,(including,gravity).
"1601650314000,","-0.7278373,","7.73806,",1.5801731,-,stairs,down,-,(including,gravity).
"1601660951000,","-0.5363012,","7.728483,",1.8483237,-,stairs,down,-,(including,gravity).
"1601672299000,","-0.62249243,","7.4124484,",2.2888567,-,stairs,down,-,(including,gravity).
"1601682382000,","-1.1204864,","7.029376,",2.5761611,-,stairs,down,-,(including,gravity).
"1601692301000,","-1.7429788,","6.8186865,",2.2218192,-,stairs,down,-,(including,gravity).
"1601705833000,","-2.231396,","6.7133417,",1.8100165,-,stairs,down,-,(including,gravity).
"1601716115000,","-2.2697031,","6.895301,",1.7525556,-,stairs,down,-,(including,gravity).
"1601727401000,","-2.0207062,","7.144298,",1.685518,-,stairs,down,-,(including,gravity).
"1601738706000,","-1.3694834,","7.785944,",1.733402,-,stairs,down,-,(including,gravity).
"1601748598000,","-1.2162545,","8.149862,",1.6950948,-,stairs,down,-,(including,gravity).
"1601760865000,","-1.3215994,","8.504205,",1.9249382,-,stairs,down,-,(including,gravity).
"1601772110000,","-1.6567876,","8.810662,",2.0685902,-,stairs,down,-,(including,gravity).
"1601781635000,","-2.135628,","9.059659,",2.1452048,-,stairs,down,-,(including,gravity).
"1601792578000,","-2.6527755,","9.165004,",2.1547816,-,stairs,down,-,(including,gravity).
"1601807363000,","-3.217807,","9.11712,",2.2409728,-,stairs,down,-,(including,gravity).
"1601816862000,","-3.916914,","9.576807,",2.0207062,-,stairs,down,-,(including,gravity).
"1601827267000,","-3.4955344,","10.745177,",2.0590134,-,stairs,down,-,(including,gravity).
"1601838624000,","-2.96881,","12.717999,",2.030283,-,stairs,down,-,(including,gravity).
"1601849053000,","-2.1452048,","15.064317,",1.8770541,-,stairs,down,-,(including,gravity).
"1601861039000,","-0.9768343,","16.836027,",1.4748282,-,stairs,down,-,(including,gravity).
"1601872438000,","0.5554548,","17.324444,",0.9864111,-,stairs,down,-,(including,gravity).
"1601881729000,","1.8195933,","16.203957,",1.0342951,-,stairs,down,-,(including,gravity).
"1601892379000,","2.2409728,","14.528016,",1.2066777,-,stairs,down,-,(including,gravity).
"1601905795000,","1.3694834,","12.133814,",1.1492168,-,stairs,down,-,(including,gravity).
"1601916265000,","0.63206923,","11.999739,",1.2162545,-,stairs,down,-,(including,gravity).
"1601927484000,","0.18195933,","12.105083,",1.0247183,-,stairs,down,-,(including,gravity).
"1601938804000,","0.2777274,","13.484144,",1.6184803,-,stairs,down,-,(including,gravity).
"1601951217000,","0.78529817,","14.54717,",2.4708161,-,stairs,down,-,(including,gravity).
"1601963405000,","1.2449849,","14.5088625,",3.064578,-,stairs,down,-,(including,gravity).
"1601973106000,","1.2545617,","13.790602,",3.5913026,-,stairs,down,-,(including,gravity).
"1601988097000,","0.5267244,","11.903971,",3.821146,-,stairs,down,-,(including,gravity).
"1602000746000,","-0.06703765,","11.33894,",3.2561142,-,stairs,down,-,(including,gravity).
"1602012083000,","-0.6512229,","10.6877165,",2.8538885,-,stairs,down,-,(including,gravity).
"1602022058000,","-0.7661445,","10.055647,",2.566584,-,stairs,down,-,(including,gravity).
"1602031629000,","-0.61291564,","9.481039,",2.4229321,-,stairs,down,-,(including,gravity).
"1602042104000,","-0.2873042,","8.916007,",2.327164,-,stairs,down,-,(including,gravity).
"1602051704000,","-0.06703765,","8.39886,",2.231396,-,stairs,down,-,(including,gravity).
"1602063629000,","0.06703765,","7.5848308,",2.1068976,-,stairs,down,-,(including,gravity).
"1602075504000,","0.095768064,","7.28795,",2.0494366,-,stairs,down,-,(including,gravity).
"1602087188000,","0.21068975,","6.981492,",1.982399,-,stairs,down,-,(including,gravity).
"1602097074000,","0.545878,","6.7229185,",1.8770541,-,stairs,down,-,(including,gravity).
"1602107042000,","0.9672575,","6.397307,",1.733402,-,stairs,down,-,(including,gravity).
"1602117207000,","1.3215994,","6.1770406,",1.6376339,-,stairs,down,-,(including,gravity).
"1602129954000,","1.5705963,","6.0046577,",1.532289,-,stairs,down,-,(including,gravity).
"1602139859000,","1.5227122,","5.985504,",1.3503298,-,stairs,down,-,(including,gravity).
"1602150635000,","1.2737153,","6.0142345,",1.1875241,-,stairs,down,-,(including,gravity).
"1602160562000,","0.90021986,","6.129156,",1.0726024,-,stairs,down,-,(including,gravity).
"1602172181000,","0.7278373,","6.1866174,",1.1013328,-,stairs,down,-,(including,gravity).
"1602182255000,","0.8523358,","6.1004257,",1.1300632,-,stairs,down,-,(including,gravity).
"1602192459000,","0.92895025,","5.9280434,",1.3120226,-,stairs,down,-,(including,gravity).
"1602208452000,","0.91937345,","5.861006,",1.6184803,-,stairs,down,-,(including,gravity).
"1602220845000,","0.80445176,","6.1770406,",2.0973208,-,stairs,down,-,(including,gravity).
"1602231572000,","0.63206923,","6.435614,",2.3463178,-,stairs,down,-,(including,gravity).
"1602241967000,","0.47884035,","6.531382,",2.4420857,-,stairs,down,-,(including,gravity).
"1602251542000,","0.36391866,","6.5218053,",2.5474305,-,stairs,down,-,(including,gravity).
"1602265665000,","0.24899697,","6.5984197,",2.719813,-,stairs,down,-,(including,gravity).
"1602276008000,","0.15322891,","6.751649,",2.8634653,-,stairs,down,-,(including,gravity).
"1602288342000,","0.20111294,","7.201759,",2.9113493,-,stairs,down,-,(including,gravity).
"1602298302000,","0.20111294,","7.603985,",2.9783869,-,stairs,down,-,(including,gravity).
"1602308792000,","0.17238252,","8.015787,",3.0071173,-,stairs,down,-,(including,gravity).
"1602322076000,","0.30645782,","8.820239,",3.016694,-,stairs,down,-,(including,gravity).
"1602331855000,","0.51714754,","9.346964,",3.265691,-,stairs,down,-,(including,gravity).
"1602342837000,","0.7469909,","9.710882,",3.8402996,-,stairs,down,-,(including,gravity).
"1602356161000,","1.0630256,","9.940725,",4.462792,-,stairs,down,-,(including,gravity).
"1602366332000,","1.1109096,","9.959879,",5.056554,-,stairs,down,-,(including,gravity).
"1602377940000,","1.436521,","9.710882,",5.544971,-,stairs,down,-,(including,gravity).
"1602389419000,","2.930503,","10.869676,",4.1946416,-,stairs,down,-,(including,gravity).
"1602401451000,","3.620033,","13.570335,",1.4173675,-,stairs,down,-,(including,gravity).
"1602416513000,","3.1028855,","16.558298,",0.842759,-,stairs,down,-,(including,gravity).
"1602426482000,","1.4173675,","18.05228,",-0.78529817,-,stairs,down,-,(including,gravity).
"1602439187000,","-2.2218192,","17.24783,",-3.9360676,-,stairs,down,-,(including,gravity).
"1602448656000,","-2.1547816,","14.288596,",-2.2026656,-,stairs,down,-,(including,gravity).
"1602459641000,","-0.19153613,","14.346057,",-0.5363012,-,stairs,down,-,(including,gravity).
"1602472470000,","1.7046716,","16.941372,",0.20111294,-,stairs,down,-,(including,gravity).
"1602482381000,","0.45968673,","18.243816,",0.8810662,-,stairs,down,-,(including,gravity).
"1602493162000,","-2.2218192,","16.692375,",1.7908629,-,stairs,down,-,(including,gravity).
"1602506656000,","-1.3120226,","11.281479,",0.047884032,-,stairs,down,-,(including,gravity).
"1602517179000,","-0.51714754,","9.576807,",-0.24899697,-,stairs,down,-,(including,gravity).
"1602526892000,","-0.076614454,","9.222465,",-0.25857377,-,stairs,down,-,(including,gravity).
"1602539350000,","-0.15322891,","9.5385,",-0.22026655,-,stairs,down,-,(including,gravity).
"1602550617000,","-0.12449849,","10.572795,",0.02873042,-,stairs,down,-,(including,gravity).
"1602561834000,","0.019153614,","11.894394,",0.15322891,-,stairs,down,-,(including,gravity).
"1602571977000,","-0.019153614,","12.277467,",-0.15322891,-,stairs,down,-,(including,gravity).
"1602582479000,","-0.36391866,","11.444284,",-0.34476504,-,stairs,down,-,(including,gravity).
"1602593353000,","-0.5554548,","10.084377,",-0.40222588,-,stairs,down,-,(including,gravity).
"1602607820000,","-0.8810662,","8.379706,",-0.1340753,-,stairs,down,-,(including,gravity).
"1602622041000,","-1.2258313,","8.350976,",0.019153614,-,stairs,down,-,(including,gravity).
"1602631941000,","-1.5897499,","8.408437,",0.20111294,-,stairs,down,-,(including,gravity).
"1602642214000,","-1.7717092,","8.446744,",0.5554548,-,stairs,down,-,(including,gravity).
"1602652439000,","-1.7046716,","8.283937,",0.7086837,-,stairs,down,-,(including,gravity).
"1602665863000,","-1.0342951,","8.341399,",0.78529817,-,stairs,down,-,(including,gravity).
"1602677242000,","-0.5746084,","8.820239,",0.7565677,-,stairs,down,-,(including,gravity).
"1602689199000,","-0.22984336,","9.5385,",0.7469909,-,stairs,down,-,(including,gravity).
"1602701107000,","-0.047884032,","10.400413,",0.78529817,-,stairs,down,-,(including,gravity).
"1602711668000,","0.095768064,","11.061212,",0.90021986,-,stairs,down,-,(including,gravity).
"1602722535000,","-0.02873042,","10.802638,",0.90979666,-,stairs,down,-,(including,gravity).
"1602732272000,","-0.02873042,","10.381259,",1.2545617,-,stairs,down,-,(including,gravity).
"1602743165000,","-0.076614454,","9.844957,",1.3120226,-,stairs,down,-,(including,gravity).
"1602756607000,","-0.36391866,","9.232041,",0.9576807,-,stairs,down,-,(including,gravity).
"1602766388000,","-0.8523358,","8.686164,",0.49799395,-,stairs,down,-,(including,gravity).
"1602777080000,","-1.2737153,","8.475474,",0.25857377,-,stairs,down,-,(including,gravity).
"1602789204000,","-1.6376339,","8.599973,",0.21068975,-,stairs,down,-,(including,gravity).
"1602798699000,","-1.7621324,","8.935161,",0.1436521,-,stairs,down,-,(including,gravity).
"1602810436000,","-1.6950948,","9.471462,",0.10534488,-,stairs,down,-,(including,gravity).
"1602823084000,","-1.1204864,","10.228029,",0.25857377,-,stairs,down,-,(including,gravity).
"1602832586000,","-0.6607997,","10.400413,",0.17238252,-,stairs,down,-,(including,gravity).
"1602845765000,","-0.24899697,","10.630256,",-0.19153613,-,stairs,down,-,(including,gravity).
"1602856941000,","0.10534488,","10.927136,",-0.49799395,-,stairs,down,-,(including,gravity).
"1602866825000,","0.47884035,","11.147403,",-0.7182605,-,stairs,down,-,(including,gravity).
"1602879210000,","0.7565677,","11.061212,",-0.8523358,-,stairs,down,-,(including,gravity).
"1602891932000,","0.8331822,","10.553641,",-0.59376204,-,stairs,down,-,(including,gravity).
"1602901769000,","0.79487497,","10.333375,",-0.36391866,-,stairs,down,-,(including,gravity).
"1602911933000,","0.6799533,","10.141838,",-0.06703765,-,stairs,down,-,(including,gravity).
"1602921755000,","0.46926352,","9.883265,",0.19153613,-,stairs,down,-,(including,gravity).
"1602941879000,","0.20111294,","9.32781,",-0.05746084,-,stairs,down,-,(including,gravity).
"1602953146000,","-0.1340753,","9.165004,",-0.15322891,-,stairs,down,-,(including,gravity).
"1602962119000,","-0.24899697,","9.232041,",-0.34476504,-,stairs,down,-,(including,gravity).
"1602972387000,","-0.40222588,","9.442732,",-0.545878,-,stairs,down,-,(including,gravity).
"1602982520000,","-0.5267244,","9.691729,",-0.7086837,-,stairs,down,-,(including,gravity).
"1602992718000,","-0.6895301,","9.77792,",-0.8331822,-,stairs,down,-,(including,gravity).
"1603009172000,","-0.91937345,","9.653421,",-0.6512229,-,stairs,down,-,(including,gravity).
"1603019517000,","-0.8714894,","9.643845,",-0.5554548,-,stairs,down,-,(including,gravity).
"1603030521000,","-0.78529817,","9.653421,",-0.6799533,-,stairs,down,-,(including,gravity).
"1603040343000,","-0.62249243,","9.768343,",-0.7565677,-,stairs,down,-,(including,gravity).
"1603050593000,","-0.29688102,","10.036493,",-0.6991069,-,stairs,down,-,(including,gravity).
"1603060648000,","0.05746084,","10.362105,",-0.6512229,-,stairs,down,-,(including,gravity).
"1603076108000,","0.5554548,","10.649409,",-0.641646,-,stairs,down,-,(including,gravity).
"1603089268000,","1.6280571,","10.6398325,",-0.45968673,-,stairs,down,-,(including,gravity).
"1603101702000,","2.030283,","10.371682,",-0.48841715,-,stairs,down,-,(including,gravity).
"1603111706000,","2.2505496,","10.208876,",-0.5554548,-,stairs,down,-,(including,gravity).
"1603121164000,","2.327164,","10.113108,",-0.59376204,-,stairs,down,-,(including,gravity).
"1603130624000,","2.2984335,","9.9790325,",-0.50757074,-,stairs,down,-,(including,gravity).
"1603141084000,","1.8866309,","9.691729,",-0.47884035,-,stairs,down,-,(including,gravity).
"1603151215000,","1.283292,","9.404425,",-0.5650316,-,stairs,down,-,(including,gravity).
"1603162441000,","0.7374141,","9.174581,",-0.62249243,-,stairs,down,-,(including,gravity).
"1603172254000,","0.29688102,","9.097966,",-0.6799533,-,stairs,down,-,(including,gravity).
"1603182321000,","-0.009576807,","9.14585,",-0.6703765,-,stairs,down,-,(including,gravity).
"1603192479000,","-0.18195933,","9.260772,",-0.63206923,-,stairs,down,-,(including,gravity).
"1603206642000,","0.15322891,","9.739613,",-0.5746084,-,stairs,down,-,(including,gravity).
"1603216270000,","0.38307226,","10.007763,",-0.5650316,-,stairs,down,-,(including,gravity).
"1603226930000,","0.641646,","10.160992,",-0.5363012,-,stairs,down,-,(including,gravity).
"1603237865000,","0.8523358,","10.228029,",-0.51714754,-,stairs,down,-,(including,gravity).
"1603247156000,","1.0342951,","10.237606,",-0.47884035,-,stairs,down,-,(including,gravity).
"1603257768000,","1.1971009,","10.247183,",-0.40222588,-,stairs,down,-,(including,gravity).
"1603267507000,","1.3599066,","10.189722,",-0.45010993,-,stairs,down,-,(including,gravity).
"1603281665000,","1.3982137,","10.151415,",-0.47884035,-,stairs,down,-,(including,gravity).
"1603292081000,","1.3982137,","10.065224,",-0.45010993,-,stairs,down,-,(including,gravity).
"1603301602000,","1.3311762,","9.988609,",-0.48841715,-,stairs,down,-,(including,gravity).
"1603312436000,","1.3120226,","9.940725,",-0.50757074,-,stairs,down,-,(including,gravity).
"1603322544000,","1.3120226,","9.892841,",-0.5267244,-,stairs,down,-,(including,gravity).
"1603332686000,","1.1683705,","9.873688,",-0.5267244,-,stairs,down,-,(including,gravity).
"1603342900000,","1.0247183,","9.854534,",-0.6512229,-,stairs,down,-,(including,gravity).
"1603354460000,","0.82360536,","9.77792,",-0.7182605,-,stairs,down,-,(including,gravity).
"1603366359000,","0.7374141,","9.643845,",-0.89064306,-,stairs,down,-,(including,gravity).
"1603377548000,","0.7374141,","9.500193,",-0.8714894,-,stairs,down,-,(including,gravity).
"1603390641000,","0.8331822,","9.442732,",-0.91937345,-,stairs,down,-,(including,gravity).
"1603401395000,","1.1779473,","9.490616,",-0.7374141,-,stairs,down,-,(including,gravity).
"1603415445000,","1.3599066,","9.710882,",-0.7469909,-,stairs,down,-,(including,gravity).
"1603427068000,","1.4269443,","9.931149,",-0.7374141,-,stairs,down,-,(including,gravity).
"1603439345000,","1.4460979,","10.093954,",-0.80445176,-,stairs,down,-,(including,gravity).
"1603451225000,","1.4748282,","10.04607,",-0.9576807,-,stairs,down,-,(including,gravity).
"1603461778000,","1.436521,","9.940725,",-1.0726024,-,stairs,down,-,(including,gravity).
"1603471637000,","1.3790601,","9.864111,",-1.1204864,-,stairs,down,-,(including,gravity).
"1603481973000,","1.3503298,","9.80665,",-1.091756,-,stairs,down,-,(including,gravity).
"1603492878000,","1.3311762,","9.797073,",-1.0342951,-,stairs,down,-,(including,gravity).
"1603506075000,","1.3024458,","9.844957,",-0.90979666,-,stairs,down,-,(including,gravity).
"1603516959000,","1.2737153,","9.911995,",-0.82360536,-,stairs,down,-,(including,gravity).
"1603527767000,","1.2066777,","9.988609,",-0.7757214,-,stairs,down,-,(including,gravity).
"1603538246000,","1.1204864,","10.0748005,",-0.7278373,-,stairs,down,-,(including,gravity).
"1603548579000,","1.091756,","10.093954,",-0.7278373,-,stairs,down,-,(including,gravity).
"1603559663000,","1.0055647,","10.007763,",-0.6512229,-,stairs,down,-,(including,gravity).
"1603572932000,","0.9672575,","9.892841,",-0.6895301,-,stairs,down,-,(including,gravity).
"1603582529000,","0.91937345,","9.77792,",-0.7086837,-,stairs,down,-,(including,gravity).
"1603593319000,","0.92895025,","9.701305,",-0.6607997,-,stairs,down,-,(including,gravity).
"1603609196000,","0.842759,","9.586384,",-0.6703765,-,stairs,down,-,(including,gravity).
"1603622400000,","0.8619126,","9.595961,",-0.7374141,-,stairs,down,-,(including,gravity).
"1603632198000,","0.93852705,","9.662998,",-0.7469909,-,stairs,down,-,(including,gravity).
"1603642732000,","0.9768343,","9.730036,",-0.7374141,-,stairs,down,-,(including,gravity).
"1603652805000,","1.0630256,","9.77792,",-0.7278373,-,stairs,down,-,(including,gravity).
"1603666230000,","1.1300632,","9.758766,",-0.7469909,-,stairs,down,-,(including,gravity).
"1603676861000,","1.1492168,","9.662998,",-0.7374141,-,stairs,down,-,(including,gravity).
"1603687930000,","1.1587936,","9.653421,",-0.6895301,-,stairs,down,-,(including,gravity).
"1603697406000,","1.13964,","9.682152,",-0.6991069,-,stairs,down,-,(including,gravity).
"1603707395000,","1.1013328,","9.768343,",-0.7374141,-,stairs,down,-,(including,gravity).
"1603717417000,","1.043872,","9.816227,",-0.7469909,-,stairs,down,-,(including,gravity).
"1603727696000,","0.9864111,","9.854534,",-0.7278373,-,stairs,down,-,(including,gravity).
"1603738103000,","0.9576807,","9.825804,",-0.6703765,-,stairs,down,-,(including,gravity).
"1603749179000,","0.9576807,","9.768343,",-0.6799533,-,stairs,down,-,(including,gravity).
"1603760785000,","0.9672575,","9.77792,",-0.6512229,-,stairs,down,-,(including,gravity).
"1603773635000,","1.0342951,","9.797073,",-0.63206923,-,stairs,down,-,(including,gravity).
"1603782859000,","1.0151415,","9.844957,",-0.62249243,-,stairs,down,-,(including,gravity).
"1603793431000,","1.0534488,","9.883265,",-0.51714754,-,stairs,down,-,(including,gravity).
"1603806818000,","1.0342951,","9.940725,",-0.5363012,-,stairs,down,-,(including,gravity).
"1603823093000,","0.9768343,","9.931149,",-0.5554548,-,stairs,down,-,(including,gravity).
"1603832881000,","0.9576807,","9.911995,",-0.5746084,-,stairs,down,-,(including,gravity).
"1603843356000,","0.9672575,","9.931149,",-0.61291564,-,stairs,down,-,(including,gravity).
"1603856021000,","0.9576807,","9.921572,",-0.6799533,-,stairs,down,-,(including,gravity).
"1603866712000,","1.0247183,","9.892841,",-0.6703765,-,stairs,down,-,(including,gravity).
"1603876063000,","1.0821792,","9.864111,",-0.6799533,-,stairs,down,-,(including,gravity).
"1603887831000,","1.1204864,","9.844957,",-0.6607997,-,stairs,down,-,(including,gravity).
"1603897926000,","1.13964,","9.873688,",-0.7086837,-,stairs,down,-,(including,gravity).
"1603907943000,","1.1779473,","9.911995,",-0.7086837,-,stairs,down,-,(including,gravity).
"1603923013000,","1.2066777,","9.825804,",-0.7374141,-,stairs,down,-,(including,gravity).
"1603932947000,","1.1779473,","9.77792,",-0.7182605,-,stairs,down,-,(including,gravity).
"1603943462000,","1.1971009,","9.768343,",-0.6799533,-,stairs,down,-,(including,gravity).
"1603957174000,","1.1587936,","9.787497,",-0.6703765,-,stairs,down,-,(including,gravity).
"1603966729000,","1.1683705,","9.787497,",-0.7086837,-,stairs,down,-,(including,gravity).
"1603977680000,","1.2162545,","9.80665,",-0.7182605,-,stairs,down,-,(including,gravity).
"1603989418000,","1.1971009,","9.787497,",-0.7469909,-,stairs,down,-,(including,gravity).
"1604000676000,","1.13964,","9.749189,",-0.7661445,-,stairs,down,-,(including,gravity).
"1604011825000,","1.1300632,","9.720459,",-0.7086837,-,stairs,down,-,(including,gravity).
"1604023064000,","1.091756,","9.730036,",-0.63206923,-,stairs,down,-,(including,gravity).
"1604033029000,","1.0726024,","9.80665,",-0.641646,-,stairs,down,-,(including,gravity).
"1604043337000,","1.043872,","9.835381,",-0.59376204,-,stairs,down,-,(including,gravity).
"1604057158000,","1.0630256,","9.835381,",-0.5746084,-,stairs,down,-,(including,gravity).
"1604066955000,","1.0534488,","9.883265,",-0.61291564,-,stairs,down,-,(including,gravity).
"1604077141000,","1.0247183,","9.883265,",-0.61291564,-,stairs,down,-,(including,gravity).
"1604088924000,","1.0821792,","9.892841,",-0.60333884,-,stairs,down,-,(including,gravity).
"1604100550000,","1.1779473,","9.902418,",-0.60333884,-,stairs,down,-,(including,gravity).
"1604111736000,","1.2066777,","9.883265,",-0.5554548,-,stairs,down,-,(including,gravity).
"1604122252000,","1.1683705,","9.854534,",-0.5267244,-,stairs,down,-,(including,gravity).
"1604131987000,","1.1300632,","9.825804,",-0.50757074,-,stairs,down,-,(including,gravity).
"1604142571000,","1.0726024,","9.844957,",-0.5267244,-,stairs,down,-,(including,gravity).
"1604155671000,","0.9768343,","9.825804,",-0.5554548,-,stairs,down,-,(including,gravity).
"1604166099000,","1.0055647,","9.787497,",-0.5650316,-,stairs,down,-,(including,gravity).
"1604176590000,","1.0630256,","9.797073,",-0.5650316,-,stairs,down,-,(including,gravity).
"1604188061000,","1.1204864,","9.80665,",-0.61291564,-,stairs,down,-,(including,gravity).
"1604198104000,","1.1683705,","9.768343,",-0.5746084,-,stairs,down,-,(including,gravity).
"1604208829000,","1.1779473,","9.77792,",-0.5746084,-,stairs,down,-,(including,gravity).
"1604222175000,","1.1875241,","9.80665,",-0.5650316,-,stairs,down,-,(including,gravity).
"1604231715000,","1.1971009,","9.816227,",-0.61291564,-,stairs,down,-,(including,gravity).
"1604242519000,","1.1683705,","9.844957,",-0.641646,-,stairs,down,-,(including,gravity).
"1604255574000,","1.1779473,","9.854534,",-0.7182605,-,stairs,down,-,(including,gravity).
"1604265692000,","1.1683705,","9.844957,",-0.7374141,-,stairs,down,-,(including,gravity).
"1604277106000,","1.1587936,","9.797073,",-0.7374141,-,stairs,down,-,(including,gravity).
"1604288602000,","1.1492168,","9.77792,",-0.641646,-,stairs,down,-,(including,gravity).
"1604297951000,","1.1875241,","9.80665,",-0.6799533,-,stairs,down,-,(including,gravity).
"1604308174000,","1.1587936,","9.854534,",-0.641646,-,stairs,down,-,(including,gravity).
"1604323655000,","1.1779473,","9.931149,",-0.6512229,-,stairs,down,-,(including,gravity).
"1604338174000,","1.1971009,","9.902418,",-0.6799533,-,stairs,down,-,(including,gravity).
"1604349183000,","1.1875241,","9.873688,",-0.6799533,-,stairs,down,-,(including,gravity).
"1604361110000,","1.1683705,","9.873688,",-0.6703765,-,stairs,down,-,(including,gravity).
"1604372442000,","1.1109096,","9.835381,",-0.62249243,-,stairs,down,-,(including,gravity).
"1604382402000,","1.1013328,","9.816227,",-0.5363012,-,stairs,down,-,(including,gravity).
"1604392980000,","1.091756,","9.80665,",-0.5746084,-,stairs,down,-,(including,gravity).
"1604404836000,","1.091756,","9.787497,",-0.5363012,-,stairs,down,-,(including,gravity).
"1604416482000,","1.0342951,","9.749189,",-0.49799395,-,stairs,down,-,(including,gravity).
"1604427602000,","1.0151415,","9.739613,",-0.5554548,-,stairs,down,-,(including,gravity).
"1604440563000,","0.9959879,","9.749189,",-0.61291564,-,stairs,down,-,(including,gravity).
"1604451405000,","0.9959879,","9.797073,",-0.60333884,-,stairs,down,-,(including,gravity).
"1604460985000,","1.0055647,","9.835381,",-0.50757074,-,stairs,down,-,(including,gravity).
"1604477207000,","1.0151415,","9.902418,",-0.45968673,-,stairs,down,-,(including,gravity).
"1604490141000,","1.0151415,","9.911995,",-0.4405331,-,stairs,down,-,(including,gravity).
"1604499939000,","1.043872,","9.959879,",-0.4405331,-,stairs,down,-,(including,gravity).
"1604509988000,","1.043872,","9.931149,",-0.48841715,-,stairs,down,-,(including,gravity).
"1604520293000,","1.0342951,","9.902418,",-0.51714754,-,stairs,down,-,(including,gravity).
"1604529572000,","1.0151415,","9.864111,",-0.51714754,-,stairs,down,-,(including,gravity).
"1604539817000,","0.9864111,","9.816227,",-0.5650316,-,stairs,down,-,(including,gravity).
"1604549568000,","1.0055647,","9.730036,",-0.49799395,-,stairs,down,-,(including,gravity).
"1604559934000,","1.0342951,","9.749189,",-0.5363012,-,stairs,down,-,(including,gravity).
"1604572559000,","1.091756,","9.825804,",-0.49799395,-,stairs,down,-,(including,gravity).
"1604581826000,","1.091756,","9.825804,",-0.49799395,-,stairs,down,-,(including,gravity).
"1604592116000,","1.1013328,","9.854534,",-0.48841715,-,stairs,down,-,(including,gravity).
"1604608072000,","1.13964,","9.873688,",-0.51714754,-,stairs,down,-,(including,gravity).
"1604617363000,","1.0821792,","9.835381,",-0.51714754,-,stairs,down,-,(including,gravity).
"1604627689000,","1.043872,","9.825804,",-0.47884035,-,stairs,down,-,(including,gravity).
"1604640872000,","1.0151415,","9.825804,",-0.50757074,-,stairs,down,-,(including,gravity).
"1604651583000,","1.0342951,","9.80665,",-0.49799395,-,stairs,down,-,(including,gravity).
"1604661849000,","0.9864111,","9.797073,",-0.45010993,-,stairs,down,-,(including,gravity).
"1604673446000,","1.0151415,","9.797073,",-0.46926352,-,stairs,down,-,(including,gravity).
"1604685552000,","1.0151415,","9.825804,",-0.49799395,-,stairs,down,-,(including,gravity).
"1604696301000,","1.0151415,","9.816227,",-0.47884035,-,stairs,down,-,(including,gravity).
"1604707253000,","1.0342951,","9.864111,",-0.47884035,-,stairs,down,-,(including,gravity).
"1604716980000,","0.9864111,","9.892841,",-0.46926352,-,stairs,down,-,(including,gravity).
"1604727556000,","0.9768343,","9.883265,",-0.4309563,-,stairs,down,-,(including,gravity).
"1604739256000,","1.0342951,","9.902418,",-0.45968673,-,stairs,down,-,(including,gravity).
"1604751059000,","0.9864111,","9.825804,",-0.5554548,-,stairs,down,-,(including,gravity).
"1604762023000,","1.0247183,","9.797073,",-0.5554548,-,stairs,down,-,(including,gravity).
"1604773540000,","1.0055647,","9.787497,",-0.5650316,-,stairs,down,-,(including,gravity).
"1604787964000,","0.9959879,","9.768343,",-0.545878,-,stairs,down,-,(including,gravity).
"1604797991000,","0.9959879,","9.768343,",-0.545878,-,stairs,down,-,(including,gravity).
"1604811142000,","0.9864111,","9.892841,",-0.51714754,-,stairs,down,-,(including,gravity).
"1604823341000,","0.9768343,","9.902418,",-0.5554548,-,stairs,down,-,(including,gravity).
